,track name,artists,album,release year,track id,popularity
0,Marry The Night,Lady Gaga,Born This Way (International Special Edition Version),2011,02d1E4NRuh7OEQO4vCb9PD,60
1,10 or a 2-way,Korn,See You On the Other Side,2005,317voMksLU98NZn3wlFUsG,38
2,No One,Alicia Keys,As I Am (Expanded Edition),2007,6IwKcFdiRQZOWeYNhUiWIv,69
3,Maybe This Time,Liza Minnelli,Cabaret (Original Soundtrack Recording),1972,2Oam4p5G5GfyzLLBuMTJty,46
4,Coming Undone,Korn,See You On the Other Side,2005,3o7TMr6RmIusYH7Kkg7ujR,73
5,Descending Angel,Misfits,Famous Monsters,1999,1JliNSftRCoPT6WyruaYTl,46
6,Binz,Solange,When I Get Home,2019,7yvdp8dqmxExSJwT2fn6Xq,57
7,To the Moon and Back,Fever Ray,Plunge,2017,3FWMZEfK3jCC0yrbdIjyoz,25
8,Bitch,Odezenne,1200 mètres en tout,2022,0giYujjAReLoacJaRCr934,28
9,Case Of The Ex (Whatcha Gonna Do),Mýa,Fear Of Flying,2000,3G6hxSp260RzGw4sOiDOQ3,52
10,House Of Jealous Lovers,The Rapture,Echoes,2003,0MrkkxbgfHfbxrTg12oHd4,0
11,Fierce,Azealia Banks,Fantasea,2012,0O8cjpT4jO3ngCdkxf9726,7
12,What They Call Us,Fever Ray,Radical Romantics,2023,60u9zGVY5OwPlZc9IJW5Cg,29
13,Satta,Greentea Peng,MAN MADE,2021,6swgmEoFqdyjTSrizsZcH7,27
14,Island In The Sun,Weezer,Weezer,2001,2MLHyLy5z5l5YRp7momlgw,76
15,Dragonlie,Agar Agar,Player Non Player,2023,1p6fmTFlQnsUCwLQtEFLfV,26
16,Ruby,Kaiser Chiefs,"Yours Truly, Angry Mob",2007,2fAIfPLrPUTW1AmJRR428Q,56
17,playboy shit (feat. lil aaron),"blackbear, lil aaron",cybersex,2017,3yeEIU7ExwLczEnpXPQlqG,0
18,b4 - TOKYOPILL Remix,"Heatace, TOKYOPILL",b4 (TOKYOPILL Remix),2022,4NUhP03UEsCp2L76QwZqjp,31
19,Talk Show Host,Radiohead,Street Spirit (Fade Out),1996,3cMuGOGSaTWbwOurTS4b3Y,57
20,Self Control,Frank Ocean,Blonde,2016,5GUYJTQap5F3RDQiCOJhrS,75
21,Combien de temps,"Christine and the Queens, Rahim Redcar",Redcar les adorables étoiles (prologue),2022,61efs5Och14QW9lspob2or,15
22,Pink + White,Frank Ocean,Blonde,2016,3xKsf9qdS1CyvXSMEid6g8,84
23,Weird Fishes / Arpeggi,Radiohead,In Rainbows,2007,4wajJ1o7jWIg62YqpkHC7S,72
25,Speechless,Lady Gaga,The Fame Monster (UK Deluxe),2009,36ebL42b6QAqitgzbkIjw5,35
26,The Edge Of Glory,Lady Gaga,Born This Way (International Special Edition Version),2011,57F80059mWaWFvWG3tBTbO,66
27,Hey Girl,"Lady Gaga, Florence Welch",Joanne (Deluxe),2016,554PnB96IltLzVlbinBstw,51
28,Alejandro,Lady Gaga,The Fame Monster (UK Deluxe),2009,0iOu4s8w3pE9vbpb1SHXsL,54
29,Telephone,"Lady Gaga, Beyoncé",The Fame Monster (UK Deluxe),2009,6nCDnzErqalOaIY3EJM8NK,59
30,G.U.Y.,Lady Gaga,ARTPOP,2013,4rYLpaNFzt6pkQnrCvVHUw,65
31,Hair,Lady Gaga,Born This Way (International Special Edition Version),2011,4u8q2Gddnu8jqCFzxm5IZs,51
33,You And I,Lady Gaga,Born This Way (International Special Edition Version),2011,1ADciGUxOaUbBFd0rpYx7d,58
34,911,Lady Gaga,Chromatica,2020,6qI0MU175Dk2DeoUjlrOpy,62
35,"Beautiful, Dirty, Rich",Lady Gaga,The Fame,2008,0Bjr5EAEa5YxfSHHWzZmds,49
36,Rain On Me (with Ariana Grande),"Lady Gaga, Ariana Grande",Rain On Me (with Ariana Grande),2020,24ySl2hOPGCDcxBxFIqWBu,66
37,Sour Candy (with BLACKPINK),"Lady Gaga, BLACKPINK",Sour Candy (with BLACKPINK),2020,6R6ZoHTypt5lt68MWbzZXv,59
38,A-YO,Lady Gaga,Joanne (Deluxe),2016,6Az2Ll2CPnWYQ2BgiHf4Di,51
39,Bloody Mary,Lady Gaga,Born This Way (International Special Edition Version),2011,53jnnqFSRGMDB9ADrNriCA,72
40,aRTPOP,Lady Gaga,ARTPOP,2013,73zDQykFwu3yT5VQ6MwYbh,56
41,LoveGame,Lady Gaga,The Fame,2008,0eH2eHURaXUP15D8gQlfjx,71
42,Alice,Lady Gaga,Chromatica,2020,41A89rj3GoMG6ktN37L7PG,57
43,Judas,Lady Gaga,Born This Way (International Standard Version),2011,4yQmDtjax2Ye9wY8EPAO1x,59
44,Applause,Lady Gaga,ARTPOP,2013,5ka2ajep9OAvU5Sgduhiex,74
45,Bad Romance,Lady Gaga,The Fame Monster (UK Deluxe),2009,5WFIK6GKHpNXfjlH3BSnep,43
46,Dancin' In Circles,Lady Gaga,Joanne (Deluxe),2016,0lqcnnclUdVbPPboOldEPp,50
47,Disease,Lady Gaga,Disease,2024,19KlZwqlT3fguP2BeHF1Q1,82
48,Venus,Lady Gaga,ARTPOP,2013,3n3S5cH3IyaOswY2XSUGTS,61
49,Bad Kids,Lady Gaga,Born This Way (International Special Edition Version),2011,3V0kjls4TwzpkhTfILFiCj,43
50,All I Want,Mis-Teeq,Lickin' On Both Sides,2001,40FFyvBiecWpeKjXHgCRsr,27
51,Peach Fuzz,"Tyler, The Creator",Peach Fuzz,2018,0F58GE2TtHBim5o4ZTQUwK,52
52,435,"Tyler, The Creator",435,2018,5xJeZ6tLPOXNIrrphEIuay,57
53,Small Worlds,Mac Miller,Swimming,2018,4gT3mNJA8lnlkYFqGZ8IA2,72
54,Atomic Vomit,Steve Lacy,The Lo-Fis,2020,3YBfHJTZPHn5DqgMnD6g5g,64
55,EARFQUAKE,"Tyler, The Creator",IGOR,2019,5hVghJ4KaYES3BFUATCYn0,80
56,"Love, of Money",MAVI,Let the Sun Talk,2019,6qUkNMd34rjpDP5EUy9JNS,60
57,Uuuu,Steve Lacy,The Lo-Fis,2020,6M0EP76qW9TG4SNU0agu94,72
58,Almeda,Solange,When I Get Home,2019,6IAgarq2wDeYzpsY2Kx0Hw,58
59,Fazers,King Geedorah,Take Me To Your Leader,2003,1R28m5eWk1EV9FQ3puWrUp,57
60,Cream,Aaron May,CHASE,2019,4O89rUWrGgWYKaHJUOp314,63
61,I THINK,"Tyler, The Creator",IGOR,2019,4f8Mh5wuWHOsfXtzjrJB3t,70
62,Meat Grinder,"Madvillain, Madlib, MF DOOM",Madvillainy,2004,4WM1hvYr2NC6bQnQXcj3sH,62
63,Top Steppa V2 (feat. Nightmares On Wax),"Greentea Peng, Nightmares On Wax",Top Steppa V2 (feat. Nightmares On Wax),2022,4ptwKUD9Tsbi5Tz5MVehvy,29
64,DOGTOOTH,"Tyler, The Creator",CALL ME IF YOU GET LOST: The Estate Sale,2023,6OfOzTitafSnsaunQLuNFw,68
65,Treehome95 (feat. Coco O. & Erykah Badu),"Tyler, The Creator, Coco O., Erykah Badu",Wolf,2013,2vLwhcsvRd1f2ETft1kWDN,57
66,Biking,"Frank Ocean, JAY-Z, Tyler, The Creator",Biking,2017,2q0VexHJirnUPnEOhr2DxK,65
67,Can I Call You Rose?,Thee Sacred Souls,Thee Sacred Souls,2022,6IAuH3hgTRpUUdmOGubXGS,71
68,In My Room,Frank Ocean,In My Room,2019,4S4Mfvv03M1cHgIOJcbUCL,69
69,"After The Storm (feat. Tyler, The Creator & Bootsy Collins)","Kali Uchis, Tyler, The Creator, Bootsy Collins",Isolation,2018,1otG6j1WHNvl9WgXLWkHTo,78
70,I Hate Everything (feat. Action Bronson),"The Alchemist, Action Bronson",The Food Villain,2020,67eqrRkxp2ED26CEqvqbDv,54
71,Sunshine (feat. Fousheé),"Steve Lacy, Fousheé",Gemini Rights,2022,14Q7Qja4PJwjMsKdBZcnww,60
72,Ballrooms Of Mars,T. Rex,The Slider,1972,5HAOJdzhQj33hrosuzzfoK,33
73,Ballrooms of Mars - L.A Radio Session,T. Rex,"Total T.Rex, Vol. 1",2010,5OLdjuETAVQfm3nE8Q5gmx,3
74,Ballrooms Of Mars - Acoustic Session,Marc Bolan,Skycloaked Lord (Of Precious Light),2017,0WGJLfkhWpB7sU0D0spIxu,2
75,Ballrooms Of Mars,T. Rex,Acoustic,2007,6mbFY5b8fxAhhFi5xvfl8h,0
76,Ballrooms of Mars - 2012 Remaster,T. Rex,The Slider (The Visconti Master),1972,0zXR2wUpFVIEJUaYos7vwc,15
77,Ballrooms Of Mars,Marc Bolan,Marc Bolan & T.Rex- The Radio Sessions Vol. 1 (Live),2014,4HH9EH7hGlLtTdnCCudXZg,0
78,Ballrooms Of Mars,Marc Bolan,Ballrooms Of Mars,2016,6DHFxlT5kgbOP8rrqJY86J,0
79,The Fragile,Nine Inch Nails,The Fragile,1999,0MKeZp4SppjBqwoprLxV5u,42
82,Big eye,Christine and the Queens,"PARANOÏA, ANGELS, TRUE LOVE",2023,0fGbCVPP41cReDwIAuOORJ,21
83,Never Let Me Go,Depeche Mode,Memento Mori,2023,2RfrOEGUK6lakj8PIGvQh6,38
84,"Sex, Violence, Suicide",Amaarae,Fountain Baby,2023,4GDsIoGuRxBVR0zPbxodIO,34
85,CEMENT,"Spresso, Alpha Maid, Mica Levi",FAST SET CEMENT,2024,5bwkjMHiM4UztEg1uE8ANC,19
86,Blue Suzuki,Lust For Youth,Blue Suzuki,2023,7LWnThkBWw6n0wbNUtF8zA,25
87,Stone Bridge,ML Buch,Skinned,2020,5EjcaWgeTEKApENX6zqmSL,0
88,Summer,Kelora,Gloomerald,2023,6QUO9V7Buu6j23HfUkAtaM,20
89,Antidote,Orion Sun,A Collection of Fleeting Moments and Daydreams,2020,1NlGXcWeUSe1s3IgRKcqmB,60
90,La vita nuova,"Christine and the Queens, Caroline Polachek",La vita nuova,2020,36LC0XouPxisV5wz8I0fZ9,43
91,hello?,TURQUOISEDEATH,hello?,2022,0iFY19PUAR7Tf4lUHPfoVE,38
92,Faded Reverie,"hxly xo, dead fave",Faded Reverie,2024,4yIni2QZ5jktqpiiYaNqVl,19
93,it’s all,wiv,it’s all,2023,6aucTiVQryHSqjs9nX356s,23
94,no mana,"cybersona888, cupsy",no mana,2023,6BuWjuUNNdoBnQmW9N5Pnu,15
95,Puddle of Nitrogen,Acetantina,Temple of Null,2020,69OVnCNC0SB8EsLsq51lQF,0
96,Hero!,11vx,Hero!,2021,509NzRvzuITtt1q6YAGGmd,40
97,iron,11vx,iron,2022,5JYNevsuHpRonwpKV9zAUS,31
98,Fuji,Nedaj,Fuji,2021,3sceNZTdQ1CSlSULPbGlV2,41
99,APATHY,hxly xo,APATHY,2023,7wuyiKj0YXlAikWBExkoid,28
100,Cyber Highway,Vorrnn,CALV3RA REV3R,2022,55dg3f6KxZ5L3mKbEJbVtm,6
101,FINAL FANTASY,black balloons,FINAL FANTASY,2022,2219puT2YzNNVEQ784V2jt,27
102,blue memories,2 0 2 1,reverie,2022,3OC5dXo3M0IOb707kutpQb,26
103,K.I.D.S.,"Ftlframe, BBAudio",AUDIO GIRL LAIN,2023,5WEoEw7P3u2yHZYRcBjJ2J,30
104,apartment complex lovers,"TURQUOISEDEATH, 2 0 2 1",apartment complex lovers,2022,2Ub9pOiOeKLDRuFkQkSx3v,20
105,Aleph,"dreamstation, Nohidea","Dreamcore, Vol. 1",2023,5s9BqdP0WJZdTvIPRgpmd4,0
106,ominous,Blksmiith,ominous,2022,3c9mVzBIZYzLL1hh8rJlqo,0
108,effervEsce,AKIBA,and then i woke up,2022,582QLzfQA32QA43fiezx2e,20
109,Gargoyle,"dreamstation, Downhill2k01","Dreamcore, Vol. 1",2023,2VIPWaQYHhaM9LokOrndCU,0
110,Subterranean Loner,Ftlframe,Overdrive Dreams,2022,1SwIVRPPKALdsLtRQKQKrE,38
111,why as soon as we become so close we have to say goodbye,snafu,why as soon as we become so close we have to say goodbye,2021,5qzGqhLV6fHbXpSdqqal6w,38
112,Ascent,JVNLIII,DEFCON,2022,4wdtRi4gmtm023tfXa7Xwp,7
113,Return to the nhk,Goreshit,mlsfaw,2020,6SXaZbw9FXs0CTkqMprE2U,17
114,yearning,Ftlframe,clouds,2022,3k5ppju3wLsy4NMnmuXlz4,28
115,Stimulate My Soul,bleach.bath,Dedication To The Cause,2023,2qeBa7Vk5huRME550RXuZM,0
116,//obsession//,Blksmiith,A MESSAGE FROM MY DIGITAL TWIN,2022,7gX1BZnSbtv0nhkKEJ1mYZ,0
117,60FPS - Star Trash Remix,"Blksmiith, Star Trash",A MESSAGE FROM MY DIGITAL TWIN,2022,7wH75q364bMPVIhl2veXc8,0
118,outer heaven,mindvacy,outer heaven,2022,2CvX3oiTKGzeg6Xs3PHGUj,37
119,Pulse,Antent,Pulse,2022,20C59ZiRbuRZIY2Xbup9Wl,59
120,exactly nothing,Rory in early 20s,exactly nothing,2022,0m6XaR2bZiQwgqTCN8nZcA,33
121,Shine or Die,Ftlframe,Overdrive Dreams,2022,687vTkzF12wEa474fT3DdB,44
122,"i want you, i need you, i miss you.",Enkei,chlorine puppet - route B,2023,5Jez5K4HzddUBbbW9SDxtF,0
123,inSIDE,Enkei,spirals and that damn flower,2023,36mSO556Z2e9vUC8sGayDS,0
124,SLEEPWALKER,"dreamstation, Star Trash","Dreamcore, Vol. 1",2023,7MI5CZQrLSl6jMzEQ2vYEr,0
125,abroad,11vx,abroad,2023,6YdFePOtOJBLn6tR1D6nUg,34
126,Goes..!,"dreamstation, GnB Chili","Dreamcore, Vol. 1",2023,2AQnxt35UdBTIu3tRItI77,0
127,star queen yuuki,FlowerBoyDeMii,Elysium,2023,6ZJnxQmgkXujbBNzrzmEGp,0
128,insomnia,Øneheart,broken,2023,0iC5kL638lgeJkn3A9oZx5,48
129,Blades,Midbooze,Experience,2022,31T4pYDxta9oGKvdlMToUw,0
130,Gotham Love,BAKGROUND,LT-GLOBE-XXX,2019,76o3swrJKdlvBCm8PRbCYE,50
131,Gogo Yubari,"Egofear, FlowerBoyDeMii",Gogo Yubari,2022,7s9RCt5R9PEcaRW7oVWfB1,0
132,Discarded,hxly xo,Umbrae,2022,4NoAVH1uLOYm9ElCg306TS,33
133,MADE IN HEAVEN (INTRO),DreamWeaver,Made in Heaven,2020,5IOJXIoJN90I3aebyZBvL6,11
134,Virtual Tears,TOKYOPILL,Virtual Tears,2021,4lD3hw8GR0MGu7T044T9dv,0
135,I'm God,"Clams Casino, Imogen Heap",Instrumental Relics,2020,0FVuyC9RP5MACjp4lgU3qZ,73
136,Skyline,JVNLIII,"Present Day, Present Time",2022,2CweFrH9X9KkvcW1QKpFKj,31
137,EMERALD HANDS,black balloons,dreamscape,2022,1JOpIfph9hQvSd3zjz9eXt,40
138,804,Mayo.,804,2023,6jLaIaYXWkneF8qp99t3z4,11
139,Yama,Mayo.,804,2023,2g4luJjAgaj6NL6bmXB9Se,10
140,emotionless. mind gone,AKIBA,...without me,2023,2IhjLiwVPJ2qLyzD08aad8,38
141,Transgender,Crystal Castles,(III),2012,26ZzSLUJMmYp5u1hDELEWH,55
143,heavensleep,Øneheart,heavensleep,2022,7jqiOS9oxnSpCooYGHlNbR,29
145,Start Up,VAPERROR,Mana Pool,2014,5TYfWv6foAqfAUcxtqeQ3b,0
146,4ui12,yeule,softscars,2023,7HHw7Lr6QHhq4wh3B1AJ13,36
147,Met Her on the Internet,Kempachii,Met Her on the Internet,2019,2DuCgKbzA35AnBxG1ghu7X,53
148,mind_flip,Two Shell,lil spirits,2023,1b1Z0rhwrek2vVnf8UMeVW,6
149,Mesmerized,"Sadbalmain, Nedaj",EUPHORIA,2021,6FaG1QUEKagxexk55iRzVt,0
156,S u r r e a l i t y,TOKYOPILL,S u r r e a l i t y,2023,1YCSXPHGGLtBT3pLHuoWKv,42
158,Escape DSi,Eden FM,Escape DSi,2022,4UYr7YaHyJrzZv4Kakhohr,32
160,you're my friend now,"usedcvnt, DXRKWRLD",ultraviolet,2023,0KOqL8ySnRsmNvOg9JYLoo,44
162,いつか会いたい,AKIBA,...without me,2023,4OR8U9XAyneosgscLLPhPk,44
165,Pneuma,Eden FM,Pneuma,2022,2Cci4tlQrxgVCBRrXs3ClH,29
166,moment,Vierre Cloud,moment,2019,5K9tfeoiztw94dyWzF39jq,68
167,Not Allowed,TV Girl,Who Really Cares,2016,3IznIgmXtrUaoPWpQTy5jB,81
168,Midnight,hxly xo,Umbrae,2022,4vfs5DGaVSnMxbtnzkRL6y,39
169,Desolate Headspace,"FlowerBoyDeMii, IX Fall$",Elysium,2023,1sUHw1fJw3TZf6mH8AlRmx,16
170,shell,toadmilk,ephemeral velocity,2024,6rwvzYamLEUcQGCjQg3e5Q,0
172,dreaming,Mejer,dreaming,2023,59h4JowkmpLqec4odqtql6,11
173,Luminance,ONLINEUNKNWN,Hypnosis / Luminance,2023,1uLXTTHqNoVvpeib3tuvcY,16
175,27th,Vorrnn,27th,2022,1nkQDokyXC87T8ibps7Zc7,17
176,Looking for Tracy Tzu,Carpenter Brut,EP II,2014,546WYUcLvrd9YifNgEaGsi,0
177,Ascend Through the Heavens,"Aeriu Ika, Aicry",Ascend Through the Heavens,2023,1mhn0FBnciDsdyJUPux0Ma,0
178,Emotion 0.1,Iwakura,Emotion 0.1,2022,2x3QMwO1oaO4ZUQJQxvcRC,28
180,Genesis Explorer,Heatace,Inner,2021,469EIINp5M4QbG30sOkSPN,37
182,Unleash,4banga,Unleash,2022,2hcGuJkg9Cx5ERs9ZY4QFc,33
183,Storm,JVNLIII,DEFCON,2022,2ZioKoyNtNaemHJWTmoEJZ,37
185,blues,llwll,passing,2022,0ZfF1X09MkEQFWkvIE65ok,24
186,"Stravinsky: The Rite of Spring, Pt. 1 ""Adoration of the Earth"": Introduction - Augurs of Spring - Dances of the Young Girls - Ritual of Abduction","Igor Stravinsky, Sir Simon Rattle, City Of Birmingham Symphony Orchestra","Stravinsky: The Rite of Spring, Petrushka, The Firebird & Apollon musagète",2009,6FQsHpV1DREJFMBZmMKITF,24
187,"Vivaldi: Il Giustino, RV 717, Act 1: ""Vedrò con mio diletto"" (Anastasio)","Antonio Vivaldi, Jakub Józef Orliński, Maxim Emelyanychev, Il Pomo D'oro",Vedrò con mio diletto (Vivaldi),2018,7KvRPHAu9K4biyXFswUuUl,37
188,"Brandenburg Concerto No. 1 in F Major, BWV. 1046: II. Adagio","Johann Sebastian Bach, The English Concert, Trevor Pinnock",Bach: Brandenburg Concertos; Orchestral Suites,1988,48AvacJozImdHd8yyHIGuV,0
189,"Bach, JS: Cello Suite No. 2 in D Minor, BWV 1008: IV. Sarabande","Johann Sebastian Bach, Ralph Kirshbaum","Bach: Cello Suites, BWV 1007 - 1012",1994,49d7UhwyYzFynpSm6idRfq,11
190,Gesualdo: Io parto e non più dissi,"Carlo Gesualdo, Quintetto Vocale Italiano","Gesualdo: Madrigali a 5 voci, Book 6 of 6",1965,2UMXMx2oaT4FiBz3pszVsc,1
191,"Lyric Pieces, Book 7, Op. 62: No. 4, Brooklet","Edvard Grieg, Emil Gilels",Grieg: Lyric Pieces,1974,6Ht2XGwq8pfy2SRkD1wTqk,28
192,The Firebird: Scene 1: The Firebird's Lullaby,"Igor Stravinsky, City Of Birmingham Symphony Orchestra, Andris Nelsons",Stravinsky: The Firebird & A Symphony of Psalms,2015,1XNQ3ArDUWq17BASm7hNLt,40
193,"Cello Concerto in E Minor, RV 409: II. Allegro","Antonio Vivaldi, Julian Lloyd Webber, Jiaxin Lloyd Webber, European Union Chamber Orchestra, Hanspeter Hofmann",Vivaldi: Concertos for 2 Cellos,2014,4sCgQZkwhYlB1a8ocpiWRr,53
194,"6 Album Leaves, Op. 2, JB 1:51: No. 2 in A Minor, Chanson. Moderato","Bedřich Smetana, Jitka Čechová","Smetana: Piano Works, Vol. 4",2009,01bE92ADfWtIskqhPwvj58,52
195,"5 Pieces, Op. 75, ""The Trees"": No. 3 Aspen","Jean Sibelius, Håvard Gimse","Sibelius: Piano Music, Vol. 4",2003,6MoY9dj27qBHzCCmcvYTIJ,49
196,"Etudes symphoniques (Symphonic Etudes), Op. 13, Adagio and Allegro brillante: Variation 11 [arr. P.I. Tchaikovsky for orchestra]","Robert Schumann, Seattle Symphony Orchestra, Gerard Schwarz",Pfitzner: Symphony in C major - Schumann: Koncertstück for Four Horns,2012,4aVQZ6pyDgfxMBVBiJlOtC,53
197,"Piano Sonata No. 14 in C-Sharp Minor, Op. 27/2 ""Moonlight Sonata"": III. Presto agitato","Ludwig van Beethoven, Daniel Barenboim",Beethoven: The Piano Sonatas,1984,2OQzVmgl8WoNEYDdOLSEOf,47
198,Cantabile in B-Flat Major,"Frédéric Chopin, Idil Biret",Chopin: Ballades / Berceuse Op. 57 / Fantasie Op. 49,1992,16OWr7l8ifV69Hb1FL6UZL,37
199,Heavenly Romanticism,"Béla Bartók, Klára Würtz, Janáček Philharmonic Orchestra, Theodore Kuchar",Sleep Music,2022,61SBe9CwHXicGG7brm9N7Y,36
200,"Swan Lake, Op. 20, TH.12 / Act 2: No. 13e Danse des cygnes: Pas d'action: Odette et le prince/Deuxième danse de la reine des cygnes (Andante)","Pyotr Ilyich Tchaikovsky, Mincho Minchev, Francisco Gabarro, National Philharmonic Orchestra, Richard Bonynge",Tchaikovsky: Swan Lake,1977,4R772McoZ8AOv72a64wcK6,2
201,Lacrimosa,"Wolfgang Amadeus Mozart, Lisa Beckley, Elena Filipova, Magdaléna Hajóssyová, Peter Mikulas, Michel Piquemal, Gloria Scalchi, Michel Piquemal Vocal Ensemble, Hungarian State Opera Chorus, Oxford Schola Cantorum, Slovak Philharmonic Chorus, Hungarian State Opera Orchestra, Orchestre De La Cite, Oxford Camerata, Slovak Philharmonic",Requiem - Music To Die For,1999,1UvaZaHkh3D9AkmBrrnbFg,56
202,"Swan Lake, Op. 20, TH.12 / Act 1: No. 5b Pas de deux: Andante","Pyotr Ilyich Tchaikovsky, Mincho Minchev, National Philharmonic Orchestra, Richard Bonynge",Tchaikovsky: Swan Lake,1977,6ANuttuGV6YJxwkvRRMvHt,3
203,"Swan Lake, Op. 20, TH.12 / Act 2: No. 11 Scène (Allegro moderato)","Pyotr Ilyich Tchaikovsky, National Philharmonic Orchestra, Richard Bonynge",Tchaikovsky: Swan Lake,1977,3kNX48dJpMmMyyv190nim0,1
204,Sylvia: Act III: Divertissement: Variation - Valse,"Léo Delibes, Razumovsky Symphony Orchestra, Andrew Mogrelia",Delibes: Sylvia (Complete Ballet) / Saint-Saens: Henry Viii,1996,4oviAMVnj3noW22hfvgFQS,51
205,SOLO,JENNIE,SOLO,2018,2wVDWtLKXunswWecARNILj,67
206,How You Like That,BLACKPINK,THE ALBUM,2020,4SFknyjLcyTLJFPKD2m96o,70
207,Pretty Savage,BLACKPINK,THE ALBUM,2020,1XnpzbOGptRwfJhZgLbmSr,66
208,UNFORGIVEN (feat. Nile Rodgers),"LE SSERAFIM, Nile Rodgers",UNFORGIVEN,2023,51vRumtqbkNW9wrKfESwfu,68
209,WHISTLE,BLACKPINK,SQUARE ONE,2016,6NEoeBLQbOMw92qMeLfI40,68
210,LALISA,LISA,LALISA,2021,7uQZVznj0uQOGC9KhV2Mg6,66
211,On The Ground,ROSÉ,R,2021,2pn8dNVSpYnAtlKFC8Q0DJ,66
212,Attention,NewJeans,NewJeans 1st EP 'New Jeans',2022,2pIUpMhHL6L9Z5lnKxJJr9,72
213,After LIKE,IVE,After LIKE,2022,2gYj9lubBorOPIVWsTXugG,69
214,Lovesick Girls,BLACKPINK,THE ALBUM,2020,4Ws314Ylb27BVsvlZOy30C,66
215,Typa Girl,BLACKPINK,BORN PINK,2022,0L8LOav65XwLjCLS11gNPD,66
216,The World Is My Oyster,LE SSERAFIM,FEARLESS,2022,4Rrv9oNClBhzKRfKwdkg99,41
217,OMG,NewJeans,NewJeans 'OMG',2023,65FftemJ1DbbZ45DUfHJXE,75
218,Ditto,NewJeans,Ditto,2022,3r8RuvgbX9s7ammBn07D3W,75
219,Cupid,FIFTY FIFTY,The Beginning: Cupid,2023,5mg3VB3Qh7jcR5kAAC4DSV,4
220,SHOOTING STAR,XG,SHOOTING STAR,2023,3IelG5zYpWWCZIH4cqWlPV,64
221,Shut Down,BLACKPINK,BORN PINK,2022,7gRFDGEzF9UkBV233yv2dc,66
222,FLOWER,JISOO,ME,2023,69CrOS7vEHIrhC2ILyEi0s,68
223,Gone,ROSÉ,R,2021,2dHoVW9AxJVSRebPRyV2aA,65
224,"Eve, Psyche & The Bluebeard’s wife",LE SSERAFIM,UNFORGIVEN,2023,4QhnNyKDsAkXPwHkSnuc89,69
225,Pink Venom,BLACKPINK,BORN PINK,2022,5zwwW9Oq7ubSxoCGyW1nbY,67
226,Tally,BLACKPINK,BORN PINK,2022,0bYVPJvXr8ACmw313cVvhB,59
227,Shoong! (feat. LISA of BLACKPINK),"TAEYANG, LISA",Down to Earth,2023,5HrIcZOo1DysX53qDRlRnt,61
228,Silencer,Dub War,Wrong Side Of Beautiful,1996,1premcRnMNh9KvM7WWtgz5,13
229,Super Rich Kids,"Frank Ocean, Earl Sweatshirt",channel ORANGE,2012,0725YWm6Z0TpZ6wrNk64Eb,75
230,You Gotta Be,Des'ree,I Ain't Movin',1994,6CU0zWIWVTEnmWpSjVHM93,60
231,My Head Explodes,Ty Segall,Goodbye Bread,2011,3OYCyBDPpQNtX3NMWqI79x,23
232,Blk Wiccan,Zebra Katz,Drklng,2013,4a5PKDfgcXoRDKYhBYXb0o,19
233,Heavy Metal and Reflective,Azealia Banks,Broke with Expensive Taste,2014,71PgrkvpCrNxpM1nvapbqG,0
234,Kingslayer (feat. BABYMETAL),"Bring Me The Horizon, BABYMETAL",POST HUMAN: SURVIVAL HORROR,2020,7CAbF0By0Fpnbiu6Xn5ZF7,70
235,Perfect Day,Hoku,Perfect Day Single,2005,4pMyfWdA0eo3JY5RqMotbw,51
236,Born Slippy (Nuxx) - Radio Edit,Underworld,Born Slippy (Nuxx) [Radio Edit],1995,3bUNyRrTFJDd4mqvUcb1Aa,57
237,He Said She Said,Ashley Tisdale,Headstrong,2007,0jTTjg6q4jsd2RhuHwTvLj,51
238,Mardy Bum,Arctic Monkeys,"Whatever People Say I Am, That's What I'm Not",2006,2fyIS6GXMgUcSv4oejx63f,69
239,Temple of Love - 1992,Sisters of Mercy,Some Girls Wander by Mistake,1992,53O11dqezFoFYaaMjr1SPP,52
240,"Who Said - From ""Hannah Montana""/Soundtrack Version",Hannah Montana,Hannah Montana,2006,7jg5JfizOZSEipnTR6d4Nt,46
241,Dumb,Nirvana,In Utero,1993,5gRcv46AMTrosmTOqrOV3Q,71
242,Anthem Part Two,blink-182,Stick It Original Soundtrack,2006,1JDrYoDdvTcK79fzRIqHik,0
243,Fluorescent Adolescent,Arctic Monkeys,Favourite Worst Nightmare,2007,2x8evxqUlF0eRabbW2JBJd,74
244,Trouble,Agar Agar,Player Non Player,2023,3O6XTl38KE2NAQges6AXh3,26
246,This Is Dub,Grace Jones,Hurricane / Dub,2011,4BOJtMgj1eGzII6u1yMksC,17
247,Anna Wintour,Azealia Banks,Anna Wintour,2018,5Pm7KrSKkDj37SZoMYyXDX,0
248,Luxury,Azealia Banks,Fantasea,2012,3EdZANeCsEj2fFfD9HRdR4,0
249,Tunnel - Acid Arab remix,"Polo & Pan, Channel Tres, Acid Arab",Tunnel (Remixes),2021,2NlGZuNh0eMUd8QitfShQj,16
250,U Don't Have to Call,USHER,8701,2001,5PCJldueshnwqQVjS16543,58
251,Pentagramm,Brutalismus 3000,Liebe in Zeiten der Kola,2020,1We4WqsgnbFMc6HdNrhZ71,0
252,Staifia,"Acid Arab, Radia Manel",Jdid,2019,47w7BzFHPLYYTHmamo98xZ,31
253,Plan B,Megan Thee Stallion,Plan B,2022,2PljnVsnl2PRwCvfhbdQup,56
254,Out of Space,Azealia Banks,Fantasea,2012,0jjsYeWe71sv4cywQJoc1T,0
255,Just A Girl,No Doubt,Tragic Kingdom,1995,5lWRaa0fBxDE5yU91npPq7,71
256,Substitute Lover,Half Pint,Half Pint,1997,2Vwx10t3ywlvUp2arq8AYF,44
257,Glue,BICEP,Bicep,2017,2aJDlirz6v2a4HREki98cP,68
258,505,Arctic Monkeys,Favourite Worst Nightmare,2007,0BxE4FqsDD1Ot4YuBXwAPp,83
259,It's My Life,No Doubt,The Singles Collection,2003,2fOxxLz9JVe53itq6pfBak,53
260,We Walk,The Ting Tings,We Started Nothing,2008,2ybyMDeoHDSjNPsMqUn2B9,9
262,"Starfuckers, Inc.",Nine Inch Nails,The Fragile,1999,5RxKqRKJva5ZcVa0ltdxuX,46
264,1991,Azealia Banks,1991 - EP,2012,0UTmS76yJwuCpiKEn16uN5,55
265,Hella Good,No Doubt,Rock Steady (Expanded Edition),2001,6AfLmKXzhEZjwiVPs5jhdV,63
266,Cobra (Rock Remix) [feat. Spiritbox],"Megan Thee Stallion, Spiritbox",Cobra (Rock Remix) [feat. Spiritbox],2023,6HNWDjbome8TQp0rYRZTQS,51
268,Dude on horse (feat. ZOMBIE-CHANG),"Agar Agar, ZOMBIE-CHANG",Player Non Player,2023,34xqCjBT5u9p03QqRU5GsB,16
269,Ovule (feat. Shygirl) [Sega Bodega Remix],"Björk, Shygirl, Sega Bodega",Ovule (feat. Shygirl) [Sega Bodega Remix],2023,6wfnKqy0C9xUrxZVgzHz8C,0
270,Nothing Lasts Forever (with Grimes),"Sevdaliza, Grimes",Nothing Lasts Forever (with Grimes),2023,3g2JWlyUpLgwiLRsIKHM8h,39
271,Shiver,Fever Ray,Radical Romantics,2023,0A5JyxmjVbXpYjUEYZAYtL,31
272,Mustn't Hurry,Fever Ray,Plunge,2017,0e16Jp5DRW4SuflflN97pd,26
275,Plot Points,Soft Bait,Plot Points,2022,2VCz0YqAaTp8V5h2AaTL14,0
276,No Pressure,Agar Agar,Player Non Player,2023,1ht4e6ZxWWRGlCvHNNiGSW,16
277,True Stories,Soft Bait,Plot Points,2022,3VXYMprOD9IvBlnXbQJqXQ,0
278,God Is a DJ,P!nk,Mean Girls (Original Motion Picture Soundtrack),2004,6ivlREM4wexZDkqDmoMwAe,0
280,Boys Don't Cry,The Cure,Three Imaginary Boys,1979,1QFh8OH1e78dGd3VyJZCAC,74
281,My Own Summer (Shove It),Deftones,Around the Fur,1997,1158ckiB5S4cpsdYHDB9IF,74
286,Feel Good Inc.,Gorillaz,Demon Days,2005,0d28khcov6AiegSCpG5TuT,84
287,Find Yourself In You,Everlife,Everlife,2007,0A0bR9eJgqo08u32m7oOK9,25
288,She Moves In Her Own Way,The Kooks,Inside In / Inside Out,2006,5xoUgPXbMNUmoHU0Enwtwq,69
289,Life's What You Make It,Hannah Montana,Hannah Montana 2 (Original Soundtrack),2007,5AHW6BKnfCktDaor4Kvgsm,44
290,Why Not,Hilary Duff,Metamorphosis,2003,1jypmXUJgxWKWJZdDsJiXQ,47
291,In Too Deep,Sum 41,"All Killer, No Filler",2001,1HNE2PX70ztbEl6MLxrpNL,72
292,Us Against the World,Play,Us Against The World,2002,7ID5MLSB71awNzjI7jyojG,43
293,"Ooh Wee (feat. Ghostface Killah, Nate Dogg, Trife & Saigon)","Mark Ronson, Ghostface Killah, Nate Dogg, Trife, Saigon",Honey: Music From & Inspired By The Motion Picture,2011,5eVS6jYS4ll3O0P4MNPdXy,27
296,Ray of Light,Madonna,Ray of Light,1998,4Fpsa3pYc3gozrxHRRPvR6,56
297,"Il Dolce Suono & Diva Dance (From ""The Fifth Element"")","Éric Serra, Danish National Symphony Orchestra, Antony Hermus, Jihye Kim",Galaxymphony,2019,68eTBankJ9wV7dOd5Ru7M8,26
300,Tear You Apart,She Wants Revenge,She Wants Revenge,2005,3urJUvRhgMrwydaTQFVEg9,7
302,Scotty Doesn't Know,Lustra,Left for Dead,2006,1LkoYGxmYpO6QSEvY5C0Zl,72
303,Beverly Hills,Weezer,Make Believe,2005,1yKu2MhpwzDXXH2tzG6xoa,66
304,These Words,Natasha Bedingfield,Unwritten,2004,6MFQeWtk7kxWGydnJB2y36,64
305,Think Of You,Bleached,Carter,2011,3soRnznKdQHTMmuW6wiUDY,37
306,Just Like Heaven,The Cure,"Kiss Me, Kiss Me, Kiss Me",1987,4NnWuGQujzWUEg0uZokO5M,71
307,Decode,Paramore,Decode,2008,1ZLtE9tSJdaUiIJ9YoKHQe,70
308,Love Will Tear Us Apart - 2020 Remaster,Joy Division,Love Will Tear Us Apart,1980,34iOH7LY3vme5rQxsVILZ4,66
309,Where Is My Mind? - 2007 Remaster,Pixies,Surfer Rosa (2007 Remaster),1988,7wCmS9TTVUcIhRalDYFgPy,73
310,Milk,The 1975,Milk,2017,0fzqnqxwSh5Bmq8sY9tFb9,51
311,"I Got Nerve - From ""Hannah Montana""/Soundtrack Version",Hannah Montana,Hannah Montana,2006,3bSq5OpEWmLK1o8F7saR2F,47
312,G.N.O. - Girl's Night Out,Miley Cyrus,Meet Miley Cyrus,2007,5uGGmsI5G6i3OvgjRziSI0,38
316,Fell In Love With a Girl,The White Stripes,White Blood Cells,2001,21Qsj3cMVCx2xF2EVVNbEu,65
317,Take Me Out,Franz Ferdinand,Franz Ferdinand,2004,20I8RduZC2PWMWTDCZuuAN,78
318,Girls & Boys,Good Charlotte,The Young and The Hopeless,2002,65mxB9IWpmVo4qUjdGSxRB,58
319,A-Punk,Vampire Weekend,Vampire Weekend,2008,2DrGEaqoruCSn0FffWCf5O,64
320,Ruby,Kaiser Chiefs,"Yours Truly, Angry Mob (Deluxe)",2007,2sgBTNHz9ckmqj3rx3ez4M,63
321,Gives You Hell,The All-American Rejects,When The World Comes Down,2008,5gb9UJkh8TfrNMRYOJNbew,65
323,Rip Her to Shreds,Boomkat,Mean Girls (Original Motion Picture Soundtrack),2004,2K9vpqu9c7a1NI2XZ836WP,0
324,Stupid Girls,P!nk,I'm Not Dead,2006,1Ab6RxeKl3e07zP7Get7CX,52
325,Celebrity Skin,Hole,Celebrity Skin,1998,2V4Bc2I962j7acQj1N0PiQ,66
326,Somebody Told Me,The Killers,Hot Fuss,2004,6PwjJ58I4t7Mae9xfZ9l9v,77
327,Bulletproof,La Roux,La Roux,2009,3kMrazSvILsgcwtidZd1Qd,69
328,Foolish,Ashanti,Ashanti,2002,6zMUIb4uce1CzpbjR3vMdN,70
329,Confessions Part II,USHER,Confessions (Expanded Edition),2004,7wBThXx7BGZHJJ3aN3OPvv,65
330,You Make Me Wanna...,USHER,My Way,1997,47TqCCnEliDp8NRDyIQoQq,64
331,U Got It Bad,USHER,8701,2001,7J41dYQolQJEtj3UmKLu5r,69
332,Burn,USHER,Confessions (Expanded Edition),2004,7z3N2W7Xz1t2G2sAO8wFVH,68
333,"Love in This Club, Pt. II (feat. Beyoncé & Lil' Wayne)","USHER, Beyoncé, Lil Wayne",Here I Stand,2008,2bppvcuQhuMcJZHtM9So7r,60
334,U Remind Me,USHER,8701,2001,2QsZVnbWVSjKMXK6K3uRBL,68
335,Sexy Love,Ne-Yo,In My Own Words,2006,4Pgh4b9rY9vVuXXl4Y1ob8,50
336,Let Me Love You,Mario,Turning Point,2004,7GaFYUqP2WdR4KTPk7cXoP,72
338,If I Ain't Got You,Alicia Keys,The Diary Of Alicia Keys,2003,3XVBdLihbNbxUwZosxcGuJ,77
339,Cater 2 U,Destiny's Child,Destiny Fulfilled,2004,0FZvjrHpAmLKj574M4VwrF,58
340,"Me, Myself and I",Beyoncé,Dangerously In Love,2003,3pxJuMLjNPtiC0fX8EHFlF,55
342,Miss Independent,Ne-Yo,Year Of The Gentleman (Bonus Track Edition),2008,34ceTg8ChN5HjrqiIYCn9Q,75
343,Like You (feat. Ciara),"Bow Wow, Ciara",Wanted,2005,3jEqrIfwKO0M8ALu3TGilF,64
344,Put It On Me,"Ja Rule, Vita",Rule 3:36,2000,0OvwzS8FX73Bw7ykMRmffU,60
345,Touch My Body,Mariah Carey,E=MC2 (Deluxe Version),2008,2aEuXA1KswHlCGPOuPmCOW,69
346,Soldier (feat. T.I. & Lil' Wayne),"Destiny's Child, T.I., Lil Wayne",Destiny Fulfilled,2004,0DlVOdK5GJtnom4nI3EOz5,51
347,Goodies (feat. Petey Pablo),"Ciara, Petey Pablo",Goodies,2004,3dFwpxh2yH7C7p9BGEKLVB,65
348,Oh (feat. Ludacris),"Ciara, Ludacris",Goodies,2004,7i7UIbm5E0DD7aSOYvwp2v,62
349,Always Be My Baby,Mariah Carey,Daydream,1995,2aBxt229cbLDOvtL7Xbb9x,69
350,No Letting Go,Wayne Wonder,No Holding Back,2003,5dWfl2PBpKHpBVdz95wxK1,60
351,Dilemma,"Nelly, Kelly Rowland",Nellyville,2002,0ARK753YaiJbpLUk7z5yIM,76
352,Fill Me In,Craig David,Born to Do It,2000,0UzsDmdpw0Q14KU4hieQss,56
353,Unpretty,TLC,Fanmail,1999,0BUoLE4o9eVahDHvTqak67,57
354,Never Ever,All Saints,All Saints,1997,7ziHnshbknkpFLDW5yGBjO,58
356,AM To PM,Christina Milian,Christina Milian,2001,1PUNthIXityeZlnRLcP7JI,51
357,Just A Little,Liberty X,Thinking It Over,2002,1IMbmQCnl3h4m8NXqKee0g,49
358,Round Round,Sugababes,Angels With Dirty Faces,2002,5O2Ft5ENCfAh6JCgykJs76,55
359,Say My Name,Destiny's Child,The Writing's On The Wall,1999,7H6ev70Weq6DdpZyyTmUXk,74
360,"Jumpin', Jumpin'",Destiny's Child,The Writing's On The Wall,1999,4pmc2AxSEq6g7hPVlJCPyP,66
361,Work It,Missy Elliott,Under Construction,2002,3jagJCUbdqhDSPuxP8cAqF,66
362,Jenny from the Block (feat. Jadakiss & Styles P.) - Track Masters Remix,"Jennifer Lopez, Jadakiss, Styles P",This Is Me...Then,2002,7LqjznQwfrax7MjQXmxqdQ,65
363,Gossip Folks (feat. Ludacris),"Missy Elliott, Ludacris",Under Construction,2002,75DjPjiIp2fvJDjtt41Jfs,53
364,I Wish You Knew,Mariah Carey,The Emancipation Of Mimi (Ultra Platinum Edition),2005,4BOIfPswnRM4UU5bFTmPDI,29
365,To The Floor,"Mariah Carey, Nelly",The Emancipation Of Mimi (Ultra Platinum Edition),2005,4XgcggXqn07iP5GGy8SU8n,26
366,Get Your Number,"Mariah Carey, Jermaine Dupri",The Emancipation Of Mimi (Ultra Platinum Edition),2005,0t22fvKL5UfjlQgxDlQ3Qf,30
367,Say Somethin',"Mariah Carey, Snoop Dogg",The Emancipation Of Mimi (Ultra Platinum Edition),2005,2t77adN3S5Jo0Ul0MZd04D,31
368,"Take Me There - From ""The Rugrats Movie"" Soundtrack","Blackstreet, Mýa, Mase, Blinky Blink",90's R&B Mixtape,2021,5kWgpmn6EyM5V9bYYPhTeg,32
369,What About Your Friends,TLC,Ooooooohhh... On The TLC Tip,1992,63PIgPkDf3rswlU4ZWCYAM,47
370,7 Days,Craig David,Born to Do It,2000,0gPQTLaqHDgdupKEok7J2x,67
371,Emotion,Destiny's Child,Survivor,2001,0v1FiNbsrogBpgITmV9qTG,45
372,Ex-Factor,Ms. Lauryn Hill,The Miseducation of Lauryn Hill,1998,2VjXGuPVVxyhMgER3Uz2Fe,71
373,On & On,Erykah Badu,Baduizm,1997,0tNuJpBgtE65diL6Q8Q7fI,66
374,Family Affair,Mary J. Blige,No More Drama,2001,3aw9iWUQ3VrPQltgwvN9Xu,76
375,I Try,Macy Gray,On How Life Is,1999,5TAf4lnZCZTLlZHNZMLFLi,69
376,If I Ain't Got You,Alicia Keys,The Diary Of Alicia Keys 20,2023,43AazWe8w3QxSFOeBOgM5F,46
377,Fallin',Alicia Keys,Songs In A Minor (Expanded Edition),2001,3unsLiH5FXmaDWtT5Imolu,0
379,Low,SZA,SOS,2022,2GAhgAjOhEmItWLfgisyOn,77
380,Buzq Blues,Acid Arab,Musique De France,2016,2B6DN44NTCOoSG6SV7TS8N,28
382,My Name is Dark - Algorithm Mix,Grimes,Miss Anthropocene (Deluxe Edition),2020,437CZPz3PTVkbMONkEcgDX,33
383,I Believe,Yolanda Adams,Honey: Music From & Inspired By The Motion Picture,2011,4Ouw6aVohoEpvdQxwmrvfs,52
384,Oh Bondage Up Yours!,X-Ray Spex,Live @ The Roundhouse London 2008,2009,3Ap7YIpMkjNiyZnRJiWsVy,2
385,Spinning Around,Kylie Minogue,Light Years,2000,0JcgDliDqDac8iOFFRm7tZ,40
386,Make You Scream,VTSS,Make You Scream,2022,0EeMLsi9eUQokrejzb7WTH,32
387,Only,"Nicki Minaj, Drake, Lil Wayne, Chris Brown",The Pinkprint (International Deluxe Explicit),2014,1UZ25gykR30Oewh3dBRtVZ,60
389,In Ha Mood,Ice Spice,In Ha Mood,2023,0yUaLqhsVsguBpoOPL4cO7,62
390,Fuck up the Fun,Azealia Banks,Fantasea,2012,6q0amnr12nfZh1YutdR7Ly,0
394,Celebrity Skin,Doja Cat,Celebrity Skin,2022,66bLKGXOk3kPWWHP7Tbrki,44
396,Shen Yeng Anthem,Shenseea,Shen Yeng Anthem,2018,4lqqbSHGGR5BRtnmnky00G,61
397,IN IN IN,Zebra Katz,LESS IS MOOR,2020,6s5fztn7rjtRs2gGdP9n7t,0
398,Calling My Name,Drake,"Honestly, Nevermind",2022,7sT7kZEYd1MrmzLLIRVZas,55
399,The Big Big Beat,Azealia Banks,Slay-Z,2017,66O0pFEFp23dgYjoAd6RKK,54
400,Gul l'Abi,"Acid Arab, A-WA",Musique De France,2016,5x6uHnSxo3txWs2MbGbZRQ,36
401,Make Your Peace,INXS,"Full Moon, Dirty Hearts",1993,4Y5B6KTXbC9onGzwHjeXHz,13
402,Tia Tamera (feat. Rico Nasty),"Doja Cat, Rico Nasty",Amala (Deluxe Version),2019,1uNePI826aqh9uC9pgbeHU,69
405,Material Girl,Saucy Santana,Imma Celebrity,2020,6nQ1B216Liiydhgn2gar0o,51
408,Music,Madonna,Music,2000,2fzykVsO2Di5jnofUNX3YE,55
409,Immaterial,SOPHIE,OIL OF EVERY PEARL'S UN-INSIDES,2018,1huN927tTdSiwF90FBHXkT,49
410,Voodoo Pussy,LSDXOXO,Whorecore,2014,43lupyxeROVg5QmMiqa8Y0,26
411,I Feel Like A God,DeathbyRomy,Love u – to Death,2019,7vngmvK1SweEza3gGokKzl,26
412,Ima Read,"Zebra Katz, Njena Reddd Foxxx",Ima Read,2012,43nVlpDqmKb9tElLkiqXsR,0
413,Legendary Children,Byrell The Great,Qweendom,2016,13pU7fLNEEiXCiwszApjva,8
414,So Heavy I Fell Through the Earth - Art Mix,Grimes,Miss Anthropocene (Deluxe Edition),2020,1BFzO8coSKQHqAqOqcWNkE,42
415,Millionaire,"Kelis, André 3000",Tasty,2003,5FJlVqsN2jQBu8uRpy3GqG,1
416,Supermodel (You Better Work),RuPaul,Supermodel of the World,1993,1AAwAM9IjTlvi8x10kc2I1,0
417,Circus,Britney Spears,Circus (Deluxe Version),2008,7jk7gqyEonmVVYahZN5zhW,75
418,Needed Me,Rihanna,ANTI (Deluxe),2016,4pAl7FkDMNBsjykPXo91B3,78
419,Dirrty (feat. Redman),"Christina Aguilera, Redman",Stripped,2002,59ZTxQo8rBycIXPLUIKvE2,63
420,Work It - Soulwax Remix,"Marie Davidson, Soulwax",Work It (Soulwax Remix),2019,6WfL1pwMyFf3IvFWLnre4P,48
421,DEBUT,COBRAH,DEBUT,2020,1yXdZqdbYdbG6mRVDwXyYy,32
422,BB,Shygirl,BB,2019,5LbZrfWzafeYlwzbHtpAqD,43
424,Peng Black Girls Remix (feat. Jorja Smith),"ENNY, Jorja Smith",Peng Black Girls Remix,2020,2VXcVF8k3GXCFfKu7azVvw,49
427,May I,Flo Milli,"Ho, why is you here ?",2020,1GcXzijYzyfMq6wryZjYW5,50
428,Smack a Bitch,Rico Nasty,Smack a Bitch,2018,1nrsFfACPG4Hnw5AuOpCND,49
429,The Villain,Eva Westphal,The Villain,2024,1lp1tHnElc93CpE1UhwKYK,29
430,Bitch Better Have My Money,Rihanna,Bitch Better Have My Money,2015,0NTMtAO2BV4tnGvw9EgBVq,71
431,STUPID (feat. Yung Baby Tate),"Ashnikko, Baby Tate","Hi, It's Me",2019,6qNB2ChCVPepl5ZjVJJTUW,61
433,Act Up,City Girls,Girl Code,2018,3A2yGHWIzmGEIolwonU69h,61
434,Bad Girls,M.I.A.,Matangi,2013,6nzXkCBOhb2mxctNihOqbb,70
435,Break Stuff,Limp Bizkit,Significant Other,1999,5cZqsjVs6MevCnAkasbEOX,79
436,You Oughta Know - 2015 Remaster,Alanis Morissette,Jagged Little Pill (2015 Remaster),1995,3jS7bB0oXVOwGFZn3aE5NV,64
437,Before He Cheats,Carrie Underwood,Some Hearts,2005,0ZUo4YjG4saFnEJhdWp9Bt,73
438,Guys My Age,Hey Violet,Guys My Age,2016,3HMuXylWiUmZ6nlIU3eOJ6,0
439,Bubblegum Bitch,MARINA,Electra Heart (Deluxe),2012,6IbnUaczZBT34DhaD6S18F,72
440,Misery Business,Paramore,Riot!,2007,6SpLc7EXZIPpy0sVko0aoU,72
441,Cherry Bomb,The Runaways,The Runaways,1976,7cdnq45E9aP2XDStHg5vd7,63
442,Hot Girl Summer (feat. Nicki Minaj & Ty Dolla $ign),"Megan Thee Stallion, Ty Dolla $ign, Nicki Minaj",Hot Girl Summer (feat. Nicki Minaj & Ty Dolla $ign),2019,5N1o6d8zGcSZSeMFkOUQOk,57
443,sex money feelings die,Lykke Li,so sad so sexy,2018,0g4fzRkbLeCDUCoe5iUOcf,64
444,Break Shit,Jasiah,Break Shit,2020,0Sd0kdgU6HrIclxYjuV99j,48
445,Bad Reputation,Joan Jett & the Blackhearts,Bad Reputation,1981,0hdqh5GuLFdfmbUhpgwGQj,0
446,Maniac,Conan Gray,Maniac,2019,7hpJ9tATWb2vztlq99hERP,19
447,do re mi,blackbear,digital druglord,2017,3Q3myFA7q4Op95DOpHplaY,0
448,Sorry,Beyoncé,Lemonade,2016,0lnIJmgcUpEpe4AZACjayW,61
449,Gives You Hell,The All-American Rejects,When The World Comes Down,2008,6ihL9TjfRjadfEePzXXyVF,68
450,Boys Ain't Shit,SAYGRACE,Boys Ain't Shit,2019,6vzLbfskWigBsCzNdB0kfE,51
451,Teenagers,My Chemical Romance,The Black Parade,2006,7j31rVgGX9Q2blT92VBEA0,76
452,you should see me in a crown,Billie Eilish,you should see me in a crown,2018,6vsV4D8BM6PioRr1UOx0n2,0
453,Brain Stew,Green Day,Insomniac,1995,1nLnpLXvl68RZCSjfkyiaa,73
455,No Sleep Till Brooklyn,Beastie Boys,Licensed To Ill,1986,5qxChyzKLEyoPJ5qGrdurN,67
456,Ignorance,Paramore,Ignorance,2009,4tSBgZd6G68rpkC6iDXkeH,29
457,make daddy proud,blackbear,digital druglord,2017,1V8c3uV6p7uTsfQof5oRXg,0
458,You & Jennifer,bülow,Damaged Vol. 2,2018,0g21KZ1XJuhwexWPLpuEt1,49
459,Smile,Lily Allen,"Alright, Still (Bonus Track Version)",2006,4aR9bPMAOFySBuQSbVWF3d,64
460,money machine,"100 gecs, Laura Les, Dylan Brady",1000 gecs,2019,61bwFjzXGG1x2aZsANdLyl,55
461,Good as Hell,Lizzo,Cuz I Love You (Super Deluxe),2019,6KgBpzTuTRPebChN0VTyzV,65
462,Paper Planes,M.I.A.,Kala,2007,1wgqttlPacpvmX5DKVboOa,3
464,gecgecgec (Remix) [feat. Lil West and Tony Velour],"100 gecs, Lil West, Tony Velour",1000 gecs and The Tree of Clues,2020,6dLAFNEb2ufM0OjhPpMbFY,28
465,Plot Twist,Sigrid,Don't Kill My Vibe - EP,2017,7yNSKfs3tjnh44of1FIF5k,33
466,Leave Em Alone,"Quality Control, Layton Greene, Lil Baby, City Girls, PnB Rock",Leave Em Alone,2019,1bIEvOOqf2V3QBrFiClE3Y,56
467,Josslyn,Olivia O'Brien,Josslyn,2020,37ZKB38iNyKJ0xYEz9SJgk,54
468,Kismet,WHOKILLEDXIX,Kismet,2020,7EIjhHMKF4kmXxkB64Bq6O,0
469,Girls in the Hood,Megan Thee Stallion,Girls in the Hood,2020,6WbTTAGKrQtCQvmc5BuYfh,56
470,hand crushed by a mallet,"100 gecs, Laura Les, Dylan Brady",1000 gecs,2019,7CUkeiG7QtB7tPU9f8SANS,53
471,Sex With Me,Rihanna,ANTI (Deluxe),2016,7BiELrM90hRxpozaIXbsLw,69
472,Pussy Talk,"City Girls, Doja Cat",City On Lock,2020,5EzL7hGT9g2Tvqsy158Lu9,57
473,3 Musketeers,"NextYoungin, ppcocaine",3 Musketeers,2020,2gSbNY2qXZ5mPVixrMaFrY,0
474,WAP (feat. Megan Thee Stallion),"Cardi B, Megan Thee Stallion",WAP (feat. Megan Thee Stallion),2020,4Oun2ylbjFKMPTiaSbbCih,73
475,Freak,Doja Cat,Freak,2020,3aA6xB0tOilDDX17fIJ0Bl,67
477,Daisy,Ashnikko,Daisy,2020,0AUvWawuP0ibk4SQ3sIZjk,59
478,Big sun,ML Buch,Suntub,2023,4c1zEBlaGDOqpCMmhcKxBu,29
479,Cranes in the Sky,Solange,A Seat at the Table,2016,48EjSdYh8wz2gBxxqzrsLe,60
481,Charity,Skunk Anansie,Charity (Live - CD1),1995,3tZG2AQvaq2OmSJpUNquAK,4
482,Spells,Greentea Peng,Spells,2020,1heKNMt0Ab3YtgCfOIjXcv,39
483,Borderline (An Ode to Self Care) (feat. Q-Tip),"Solange, Q-Tip",A Seat at the Table,2016,6pRo1ryP9N8aFCe1YpWQLj,41
484,Be a Body,Grimes,Visions,2012,1bXHMidMrVaiBkpGo05Ze5,43
486,Liberation,Greentea Peng,RISING,2019,7x0vFyfEmCHNGFAgnELBnf,28
487,Appletree,Erykah Badu,Baduizm,1997,2jAn0rAOyLW6hIEuIDNcoT,58
488,Mad (feat. Lil Wayne),"Solange, Lil Wayne",A Seat at the Table,2016,22DHmfJa31hKpc2Lg0gVBV,49
490,Lotus - intro,Jhené Aiko,Chilombo,2020,1aWBNkWrY3VA2eeV6ljGQf,37
491,W.A.Y.S.,Jhené Aiko,Souled Out (Deluxe),2014,7jjKsW39O1i8hKF31ShpV9,58
492,Born Tired,Jhené Aiko,Chilombo,2020,1IccfvDqh1CGWNdMThjycb,44
493,Toxic,Kehlani,It Was Good Until It Wasn't,2020,5nexAvWNhwg51EavnDgViy,65
494,Can I,Kehlani,It Was Good Until It Wasn't,2020,0uDdI4fAXCuNhQbmxENdsO,61
495,Water,Kehlani,It Was Good Until It Wasn't,2020,4ot7u8Ij91aHKohSV2QYZi,54
496,Change Your Life (feat. Jhené Aiko),"Kehlani, Jhené Aiko",It Was Good Until It Wasn't,2020,1YqXXJDSlDHrp66g9as4uo,51
498,Didn't Cha Know,Erykah Badu,Mama's Gun,2000,1bSWuHCXabkhubUywqCe47,51
499,Fade Into You,Mazzy Star,So Tonight That I Might See,1993,1LzNfuep1bnAUR9skqdHCK,81
500,I'm Kissing You,Des'ree,Supernatural,1998,1WMOyQPL40zYt6fe7KdyFM,0
501,Sex,The 1975,Sex EP,2013,7va4DfhB8BsfYTWTEQOnno,23
503,Overwhelmed,Chloe x Halle,Ungodly Hour,2020,69YtbnALqh0dhXeyJe1WO0,29
506,Orange Moon,Erykah Badu,Mama's Gun,2000,1Df4urfsVBB0CGQVBPIFHi,33
507,The Narcissist,Blur,The Ballad of Darren,2023,2TNyNqT3RBXhtNV7OiAgiC,50
508,20 Something,SZA,Ctrl,2017,4h6ViRoztTBpWcJ1zFT9Zg,69
510,theres this girl,sign crushes motorist,i'll be okay,2022,6whOApl6TgeCGRwMM52tkl,62
511,Void,Ty Segall,Void,2023,1bvJtmIGOW8NnI4GhPtRZ8,10
512,Weightless,Arlo Parks,My Soft Machine,2023,3F2bKtyjMIE1vRvlzsHSq9,39
513,Jealous,Eyedress,Jealous,2019,1aXV8GrmQLvgoFtBPERP7E,79
514,Gibson Girl,Ethel Cain,Preacher’s Daughter,2022,02yzNsWcv7BtITeIoIqeVU,55
515,Feint,Greentea Peng,GREENZONE 108,2022,1d9p7cxhZFhW2OraawvKuy,34
517,Out Loud (feat. Kehlani),"Syd, Kehlani",Broken Hearts Club,2022,0P11qKeHWhUy0rDPeY8dyB,44
518,Digital Bath,Deftones,White Pony,2000,2jSJm3Gv6GLxduWLenmjKS,67
519,Beauty School,Deftones,Diamond Eyes,2008,5sUCU4eiyf0pplIJ7OGEoc,62
520,Hunter,Björk,Homogenic,1997,0zQnCy0NCcBmQcsl2PBNE3,0
521,Stay Tru,Mereba,The Jungle Is The Only Way Out,2019,40ZUYrNTx4WAWN39VkrCOW,50
522,Don't Make It Harder On Me,Chloe x Halle,Ungodly Hour,2020,1osZ4ByxDPk5JbUqnyBJ1v,36
523,6 8,Gabriel Garzón-Montano,Bishouné: Alma del Huila (Deluxe Edition),2015,1VYCENQbb9DgcK8YuNokb1,0
525,Night on Bald Mountain,"Modest Mussorgsky, Leonard Bernstein, New York Philharmonic",Mussorgsky: Pictures at an Exhibition & Night on Bald Mountain,1962,5rPqo5uyPn5MDoJkkiu8Nr,41
526,BuyPoloDisorder's Daughter Wears A 3000® Shirt Embroidered,André 3000,New Blue Sun,2023,1D7g7ZejXNy4GdbDAPSg2i,38
527,Fangs,Backseat Vinyl,Scorpio,2023,2yswkWGZXXdR8Y93VCNcKC,25
528,505,Arctic Monkeys,Favourite Worst Nightmare (Standard Version),2007,58ge6dfP91o9oXMzq3XkIS,78
530,When The Sun Goes Down,Arctic Monkeys,"Whatever People Say I Am, That's What I'm Not",2006,2zzLRQ78kKfPTx8FJQCdC2,69
532,I Bet You Look Good On The Dancefloor,Arctic Monkeys,"Whatever People Say I Am, That's What I'm Not",2006,3DQVgcqaP3iSMbaKsd57l5,70
533,I Bet You Look Good On The Dancefloor,Arctic Monkeys,I Bet You Look Good On The Dancefloor,2005,6uV5q0yxaOujbxkwUCUEEf,45
534,Naive,The Kooks,Inside In / Inside Out,2006,7BHPGtpuuWWsvE7cCaMuEU,72
537,Song 2 - 2012 Remaster,Blur,Blur (Special Edition),1997,1FTSo4v6BOZH9QxKc3MbVM,77
538,Champagne Supernova,Oasis,(What's the Story) Morning Glory?,1995,2UjLzxf4oYjHOVOBoVojlL,0
539,Sex on Fire,Kings of Leon,Only By The Night,2008,5A1FmxbYVRZKy4nc16MAue,67
540,Tears Dry On Their Own,Amy Winehouse,Back To Black,2006,3jP3coGrROR7kjiDlpoRph,0
541,This Ain't a Love Song,Scouting For Girls,Everybody Wants To Be On TV,2010,4urgbN6tlGse0nFnEqOcZW,0
542,Changes - 2015 Remaster,David Bowie,Hunky Dory (2015 Remaster),1971,0LrwgdLsFaWh9VXIjBRe8t,64
543,All The Small Things,blink-182,Enema Of The State,1999,2m1hi0nfMR9vdGC8UcrnwU,78
544,Foundations,Kate Nash,Made of Bricks,2007,5JkTN6THtYH6bpOoHjOysc,52
545,I Believe in a Thing Called Love,The Darkness,Permission to Land,2003,756CJtQRFSxEx9jV4P9hpA,67
546,Miracle Aligner,The Last Shadow Puppets,Everything You've Come To Expect (Deluxe Edition),2016,4iwpCp7qdDLngGI3gsVTza,57
547,Oblivion,Grimes,Visions,2012,4BY4V1T0RJK1HmD2Q0ClyK,66
548,Live Forever - Remastered,Oasis,Definitely Maybe (Deluxe Edition Remastered),1994,6TlQ5fbojNRuG0hPQMbxeW,65
549,Violence,blink-182,blink-182,2003,6oRvk7PJW3PDKFZkEvJNkq,48
550,Love on the Rocks with No Ice,The Darkness,Permission to Land,2003,4KFoXMUU9jvj2mfqnTyAqi,32
551,Every Inch of You,The Darkness,Hot Cakes (Deluxe Version),2012,3Kjz2H3krzbYUY6aqya6ct,21
553,Oblivion,Grimes,Visions,2012,3LGsgpx4TfxhXbr07OFKqs,64
554,Sweet Disposition,The Temper Trap,Sweet Disposition,2009,6IIjmqaDdO6vdEBasXsCve,0
555,My Body Is A Cage,Arcade Fire,Neon Bible,2007,66z0olTFJXbrBvbrsOGEsu,0
556,Seventeen - Soulwax Mix,Ladytron,Light & Magic (Remixed & Rare),2011,6CIS3K5aqCpXw4KGEX5Llf,20
557,Disparate Youth,Santigold,Master of My Make-Believe,2012,7d23MhPFE9eB3U8DPRirnL,57
558,Mr. Brightside,The Killers,Hot Fuss,2004,003vvx7Niy0yvhvHt4a68B,84
561,I Predict A Riot,Kaiser Chiefs,Employment,2005,75D3n6wnFQmu1HVmLAlWM4,63
562,Crying Lightning,Arctic Monkeys,Humbug,2009,6wVWJl64yoTzU27EI8ep20,67
563,Arabella,Arctic Monkeys,AM,2013,7nzsY8vlnKdvGOEE0rjAXZ,73
566,I Wanna Be Adored - Remastered 2009,The Stone Roses,The Stone Roses,1989,758wEKVqfYopJIHYWdLVd4,63
567,Posh Girls,Scouting For Girls,Everybody Wants To Be On TV,2010,5brqldUaJWq9gqYZKuXgq2,40
568,I Don't Fuck With You,"Big Sean, E-40",Dark Sky Paradise,2015,7FYH5AW3bVfZHJIQpq3UOA,71
569,Hot N*gga,Bobby Shmurda,Hot N*gga,2014,19gEmPjfqSZT0ulDRfjl0m,66
570,Energy,Drake,If You're Reading This It's Too Late,2015,79XrkTOfV1AqySNjVlygpW,66
571,Legend,Drake,If You're Reading This It's Too Late,2015,1ID1QFSNNxi0hiZCNcwjUC,59
572,Summer Time,Vybz Kartel,Vybz Kartel - Summer Time - Single,2011,6YOu6YH3Vzgi5Dfj1N6Cnx,40
573,Hold Yuh,Gyptian,Keep Calm and Love Dancehall (Dancehall Party Classics 2015),2015,1CQEnErGecrSW46y9kvN6P,29
574,Hold You - Hold Yuh,Gyptian,Hold You,2010,0j55p8YRAPG8yajtNyjt6A,66
575,No Games,Serani,No Games,2010,3WU2blK7YBcugEEU9CATvF,58
576,Turn Me On,Kevin Lyttle,Kevin Lyttle (US Domestic Release),2004,0BBOLOV5JntPL3341swIre,65
577,Like Glue,Sean Paul,Dutty Rock,2002,6pbCkvCENw0suVGr4Ckkae,0
578,One Drop,"QQ, Venomus",Kingston 20,2014,54GRkvaa7ZUA6OtrPl3VUc,35
579,Last Last,Burna Boy,"Love, Damini",2022,5YbPxJwPfrj7uswNwoF1pJ,64
580,All Night (feat. Knox Fortune),"Chance the Rapper, Knox Fortune",Coloring Book,2016,60xaS8mYBKUW4VQQ666N0T,58
581,10 Bands,Drake,If You're Reading This It's Too Late,2015,12d5QFwzh60IIHlsSnAvps,59
582,Whine & Kotch,"J Capri, Charly Black",Whine & Kotch,2012,5o5yQsdZblzaqzgBFDVJTv,59
583,Turn My Swag On,Soulja Boy,iSouljaBoyTellem,2008,6ATrsVaZT7XjkCynxM8cTS,61
584,Lip Gloss,Lil Mama,Lip Gloss (Main Version),2007,1Y4ZdPOOgCUhBcKZOrUFiS,59
585,"1, 2 Step (feat. Missy Elliott)","Ciara, Missy Elliott",Goodies,2004,7uKcScNXuO3MWw6LowBjW1,73
588,See You Again,Miley Cyrus,Meet Miley Cyrus,2007,3AjyOYxBv8bByfBtG5o9dP,65
589,Breakfast (Syrup) (feat. 2 Chainz),"Kreayshawn, 2 Chainz",Somethin 'Bout Kreay,2012,6e6NwxSLyySncihB4WmoIX,23
595,"Sugar, We're Goin Down",Fall Out Boy,From Under The Cork Tree,2005,2TfSHkHiFO4gRztVIkggkE,74
596,She's So Lovely,Scouting For Girls,Scouting For Girls (Expanded Edition),2007,0wG4gampO24nC7VKm5pxjg,59
599,"If We Were A Movie - From ""Hannah Montana""/Soundtrack Version",Hannah Montana,Hannah Montana,2006,52Dw5hXeylenurLTKoFJfZ,51
600,7 Things - Single Version,Miley Cyrus,Breakout,2008,5ecZWU5uQOiCVSnPxBZNmT,59
602,Paparazzi,Lady Gaga,The Fame,2008,7Hqig8kp32q2Ire3ECQvWM,70
603,Ride Wit Me,"Nelly, City Spud",Country Grammar,2000,3Gf5nttwcX9aaSQXRWidEZ,73
604,Gold Digger,"Kanye West, Jamie Foxx",Late Registration,2005,3QHPHLAkYV5cQBUYs6rowx,63
605,Kiss Me Thru The Phone,"Soulja Boy, Sammie",iSouljaBoyTellem,2008,2q4rjDy9WhaN3o9MvDbO21,75
606,Good Life,"Kanye West, T-Pain",Graduation,2007,4ZPdLEztrlZqbJkgHNw54L,71
607,Ms. Jackson,Outkast,Stankonia,2000,0I3q5fE6wg7LIfHGngUTnV,79
608,What's Luv? (feat. Ja-Rule & Ashanti),"Fat Joe, Ja Rule, Ashanti",Jealous Ones Still Envy (J.O.S.E),2001,2mKouqwAIdQnMP43zxR89r,70
609,Milkshake,Kelis,Tasty,2003,2cMTIlktg3M9mXYqCPqw1J,2
610,Heartbroken - Edit,T2,Heartbroken,2017,5Yaw45Q7W0irDbTVN5LOVs,53
611,Church (feat. Teddy Verseti),"T-Pain, Teddy Verseti",Epiphany (Expanded Edition),2007,7cyBdix7HId2onf99SrJBV,62
612,No Scrubs,TLC,Fanmail,1999,1KGi9sZVMeszgZOWivFpxs,79
614,Bisexual,GRLwood,Daddy,2018,1w47gZOFLLt9voDEyK7fGd,0
615,Caesar,Ty Segall,Melted,2010,1MQeShIRRYCcaSs4XzWldh,28
616,Scolds Bridle,wych elm,Rabbit Wench,2021,0BQRyNmmweyJzmFprF7obR,9
617,Rabbit,wych elm,Rabbit Wench,2021,08qck5874zTJ0n1U27M2zq,8
618,Reigns,IDLES,Ultra Mono,2020,6xJV8Z5jYkETwIe610SlPW,31
620,This Is Not a Drill,ize,This Is Not a Drill,2020,726Dfy4a02sfjwn6PN8P9x,0
621,MONROE,Crawlers,Crawlers - EP,2021,0Ux1tLRSPofJk3IX87FGlI,17
622,Breathe,Crawlers,Breathe,2021,2NQL4dUgtdhApNxH0p6QIX,23
623,Take The Power Back,Rage Against The Machine,Rage Against The Machine - XX (20th Anniversary Special Edition),1992,25CbtOzU8Pn17SAaXFjIR3,54
624,Pistol Grip Pump,Rage Against The Machine,Renegades,2000,0lsDJ0EkccufmSM43P28TQ,51
625,Cry (feat. Grimes),"Ashnikko, Grimes",DEMIDEVIL,2021,1jR9XTpUeT6a82Yz4GNCCo,53
626,Hold Ya,GRLwood,I Need to Get off My Phone,2020,0jOgtbbhuTPLxYyFQtUyVX,0
627,C-State,GRLwood,Daddy,2018,4fWge1SW4BxQmPG9gHhEtT,0
628,Officer,Deli Girls,I Don't Know How to Be Happy,2019,3pxd2Fx2L7oUVqz2OpRgKm,19
630,Master Of Puppets,Metallica,Master Of Puppets (Remastered),1986,2MuWTIM3b0YEAskbeeFE1i,74
631,The Duellists - 2015 Remaster,Iron Maiden,Powerslave (2015 Remaster),1984,7LU70CH6cL0xLrYAZsiIi2,40
632,Bed of Roses,Mindless Self Indulgence,PINK,2015,37FsYu2IljCr3zInII1sBr,51
633,Cut Dem,Skindred,Union Black,2011,4sp6yQpIGH5P4rmDwJ5H2Q,0
634,Trouble,Skindred,Roots Rock Riot,2007,2BIy81E5iBRqNYkGD61ImF,28
635,Burned On Face - Original mix,Imeon (IT),FAHVA003,2022,6fDp9taPWSYnrpOsLE4BCy,0
637,Last Chance,Skindred,Big Tings,2018,5LkwjQgp9y5KZOlGV9h99w,24
638,Fences,Destroy Boys,Fences,2020,1xFzQ7lZeNZkaXeozVWb79,0
639,Bet My Blood,Pretty Sick,Come Down,2021,3k148B0XDmtKhGjC2fBgND,29
640,Reincarnate,Witch Fever,Reincarnate,2021,5T0kdOTi4ThnKjq2nIPbzS,20
641,Knife Party (feat. Oli Sykes),"POORSTACY, Oli Sykes",Party At The Cemetery,2021,08DG2bPYn9GHQt5AITyRtD,0
644,The Rent,GRLwood,The Rent,2022,61aNP3upsNJMLRdWf8Mj5v,34
645,Sugar,System Of A Down,System Of A Down,1998,31RTFPrB7wmYBhlkM2ILXG,71
646,Bite My Tongue,"You Me At Six, Oli Sykes",Sinners Never Sleep,2011,6EJB5gnuf6xujkSH9M3m7J,47
649,Blind,Korn,Korn,1994,1pr9TZGOXeJUggIal1Wq3R,67
650,Liar,Korn,See You On the Other Side,2005,6B1uhU0w4fk7nNeylg41Xq,53
651,Throw Me Away,Korn,See You On the Other Side,2005,4RBDmhD5FXBU9gGVRxqtkQ,41
652,Twisted Transistor,Korn,See You On the Other Side,2005,05NpeTQWnzXS1d8ZqL4YFZ,67
656,DARE,Gorillaz,Demon Days,2005,4Hff1IjRbLGeLgFgxvHflk,75
657,Brianstorm,Arctic Monkeys,Favourite Worst Nightmare,2007,7f9I5WdyXm5q1XqnSYgQZb,64
665,ELASTIC,"ZDBT, Prado Monroe, Slim Media Player",ELASTIC,2021,3enhwNFECQX6psc1uqprYV,25
666,BRAND NEW BITCH,COBRAH,BRAND NEW BITCH,2022,13DNuiQyuTDcAw6Y8thZFM,58
667,GOOD PUSS,COBRAH,GOOD PUSS,2021,26WSeuKeWZNwKARvZNIrUc,49
668,Auf Wiedersehen,"Mansfield.TYA, Rebeka Warrior, Carla Pallone",Monument ordinaire,2021,3KayrZjvmCLhjv6IeONEWZ,33
669,Do It Your Way - Original Mix,"Mood II Swing, John Ciafone",Do It Your Way,2014,6bxeekI9n4mFVw4GoeQZMa,23
670,Nanã,Polo & Pan,Caravelle (Deluxe),2018,77nbIFtn6K7TEQKl8FVO5H,23
672,Starlight - Original Mix,Model 500,Starlight,2008,7pwA0lkUxRVUmwp8BzZsAZ,15
673,No Idea - Logic1000 Remix,"Don Toliver Remixed, Logic1000",No Idea (Logic1000 Remix),2020,58vwxcHhtRKaAxDW6zYmKs,30
675,Lmchi w Rjou3,TAXI KEBAB,Lmchi w Rjou3,2019,25NuCWQ4cIxmwxRHMZ0C4L,34
679,90's Feeling,VCL,90's Feeling,2019,45cyszztlG5IzqM6pisJaU,44
680,Crazy,Doechii,Crazy,2022,2b1MCbfwRZ1teOX1vSm4Xt,59
681,180db_ [130],Aphex Twin,Syro,2014,2VfEcR59Czu8ii3u6kKeP8,0
682,FMH ('4x4' Mix),TAAHLIAH,Angelica (Extended),2021,5oMtuYZJUuQlxgaBZbK6af,4
683,Ponyboy,SOPHIE,OIL OF EVERY PEARL'S UN-INSIDES,2018,48XnOS1vTyzqaPps0Dalzp,50
684,SLIME,Shygirl,SLIME,2020,5alFLxnNmBmTdNM6Oq0nqD,44
685,1 Bad Bitch (Ten Ven + Ripley vs. Zebra Katz),"Ten Ven, Ripley, Zebra Katz",1 Bad Bitch (Ten Ven + Ripley vs. Zebra Katz),2014,3iOiST75TBQohnuYom54UR,14
687,Maybe in the Summer,Sassy 009,KILL SASSY 009,2019,3xj837YDEJHCrFis2IK9U9,19
688,Smells Like Sex,Sizzy Rocket,ANARCHY,2020,2FtvyUAzcRdTZpu38Y6Ld9,31
689,I'll Provide,Moodymann,Sinner: KDJ-48,2019,4x8or2YedkW1d1EqnSlSx3,19
690,Take the L,"LYZZA, Shygirl",Powerplay,2017,7sTBzjUF0N3PXqQJQdFMZ4,0
691,Single Right Now,Tami T,High Pitched and Moist,2019,0e4yJYubHKHY4vptUWuV3P,19
692,soulboy - IZCO Remix,"p-rallel, Greentea Peng, IZCO",soulboy (IZCO Remix),2020,3G1YAm52YxIp0jlxalE0hK,49
693,Microdosing,UNIIQU3,Microdosing,2021,6JtT4a0Z406dz7A2f2vGBe,30
694,VYZEE,SOPHIE,VYZEE,2015,1LzvuqP3L5Q7G61kUBgfCJ,45
695,Gotta Gimme Your Love,Sateen,Gotta Gimme Your Love,2019,3ljWqYlU1SFyWJgLb3JQG1,23
696,Gimme Dat,Lulu Be.,Gimme Dat,2020,2v5eZAIW4MTEg8yEbAEB42,29
697,"Cuidado, Peligro, Eclipse",Agar Agar,Cardan,2016,2niXWS7JOhbUm5oI2awwYE,29
698,Fangs Out,Agar Agar,The Dog and the Future,2018,2xVSfVDmAtaMxKBVwfYzV9,31
700,Kirghiz,Polo & Pan,Caravelle,2017,52Abbh6ppAZGOSl9HsJZLb,33
701,Habla Tu Verdad,Pelada,Movimiento Para Cambio,2019,26LvTRhDoi8UQ3acoEavWj,17
702,Sex to the Devil,Icky Blossoms,Icky Blossoms,2012,0i98QS45hX5rQ9cSPJi4iq,22
703,High,Ssion,Bent,2012,2dalYPSUjEQThN9dyFao6x,12
704,My Nene,Mykki Blanco,Mykki,2016,7pCB3utkykDR8M8XU1zEqX,13
706,Kill V. Maim,Grimes,Art Angels,2015,3WXhshrs1fzwF3rQE399Gq,59
708,So Happy I Could Die,Lady Gaga,The Fame Monster (UK Deluxe),2009,1LwISx4hhmcKw4CL78CCnu,37
709,NOBODY,COUCOU CHLOE,NOBODY,2020,3YoXksESEwIkPsH1gZBq4r,34
710,Redbone,Childish Gambino,"""Awaken, My Love!""",2016,0wXuerDYiBnERgIpbb3JBR,4
711,Cocoa Butter Kisses,"Chance the Rapper, VIC MENSA, Twista",Acid Rap,2013,0aMHIW1lqrulVCx0LLlr6a,62
712,¡aquí yo mando!,"Kali Uchis, Rico Nasty",Sin Miedo (del Amor y Otros Demonios) ∞,2020,05ufCucv6Z1oLMWeS8XapR,50
713,Hit Control,Sector Y,Sector Y,2016,7enFhLwS2vHQiGpohe3aHK,2
715,Elegance,NextRO,Music For Video by Nextro,2021,6rcsUlAYpoF4QJRsHiVAyZ,0
716,Fire,ICHI,Totem,2020,1gOqKoSqaN0gOaHgtnK9tQ,24
717,Demon Girl,Tommy Lee Sparta,Sparta Boss,2013,3sDv5umtuhw9Y6TiXgS8b6,36
718,23 - Instrumental,Skeng,23,2021,4qGdk2ORrVhHTQDgtJliqe,12
719,Villa Donde,King Coya,Cumbias de Villa Donde,2012,0k7yP1ipqlhwn4IpezcMXX,25
720,Second Chance,Lila Iké,The ExPerience,2020,0Nb25RVViGcI4n0LBNrK4W,36
722,Doses,Bonzai,Royah,2015,08VLw9NCIXKAF3SE0qbEoe,11
723,Hit 'Em Up Style (Oops!),Blu Cantrell,So Blu,2001,4zYTZvtcww7OWKie7fxA9E,67
724,9/8,Amanati,NUDE,2022,37DDyKJJr9KtVztlKVWDnl,27
727,Jesse James,"Mushkilla, Dampé",Jesse James,2020,2tr9Ut9HFcjbxa5Pv8yPxs,22
728,Sweet Lies,"Nathan Dawe, Talia Mar",Sweet Lies,2022,1ciemDCppxQbYhXzqMoBV0,41
729,"No pain, No game",NANO,Ｎ,2013,1HUgqhTeOMW7IUm5G2a2dR,46
730,To be honest - SG Lewis Remix,"Christine and the Queens, SG Lewis",To be honest (SG Lewis Remix),2023,15D7d8uC0db0q0QkMdHia8,26
732,Luxury,Azealia Banks,Broke with Expensive Taste,2014,7IzN1BfaQ8fmTHYPRPhNws,1
735,Raingurl,Yaeji,EP2,2017,4XXfQ8fBHMIgcygY4hV6RC,58
737,Stil,"Acid Arab, Cem Yıldız",Musique De France,2016,7BUpmFlSMGK5COcnhVmsvH,43
743,Dingaling,Greentea Peng,Dingaling,2021,1upqTfjNfblLHKqasQAPc0,29
745,Rhiannon - Live 2005,Stevie Nicks,Crystal Visions...The Very Best of Stevie Nicks,2007,3brPoiEss4oQsy6BxUzbFe,36
746,Drunk With My Friends,Ashnikko,DEMIDEVIL,2021,2YBN2v1sRizy1bQQFMlDEI,43
749,Swim Good,Frank Ocean,Swim Good,2011,3CgZCQyuyxHRMWB9BTwmni,66
752,Eau D'bedroom Dancing,Le Tigre,Le Tigre,1999,18XsdXDn1Id6kKwtW2W9gY,45
756,Ardina,TAXI KEBAB,Ardina,2022,62aTixhoqywT1r9asIiUNI,0
757,Électrique Yarghol,"Acid Arab, Hasan Minawi",Jdid,2019,4dXLtuvLIMWQ47m40JqRYB,29
758,Sorry About the Carpet,Agar Agar,The Dog and the Future,2018,5z4rXPO6B5SSMVnRfPWb61,38
760,XS,Rina Sawayama,SAWAYAMA,2020,1TWNKyNQOBfNUkWWs7FooF,53
764,Thrasher,Sassy 009,Thrasher,2019,4yGUePyNxnOhKC7xF4tE74,5
768,Babylon,Skindred,Babylon (U.S. Version),2004,4Epr78DN04NZMe1t0vOJnf,23
771,honda (feat. pa salieu),"FKA twigs, Pa Salieu",CAPRISONGS,2022,0KxtokiQ8Dq1PL6Z3pIKnF,30
774,Nebniw el Ghad f dlam,TAXI KEBAB,Visions al 2ard,2022,5y0MxgcWvMG5OY0aVRJh40,0
775,Rainforest,Noname,Rainforest,2021,4c4KofbmhnfVNJk8pwXCWk,0
776,Clean,GRLwood,Daddy,2018,27xuuC1UmatO0Bl9T05FnO,0
777,Black Roses,Charli xcx,True Romance,2013,5Nx7AnBwrM1tyS0ciuIvv9,29
778,The visit,Agar Agar,The visit,2022,1nlpf45g4i27ONz9Ijt5Mo,18
779,Closer,Sorry,Closer,2022,0pDssdjxNAmSmG2HtSBNOV,8
783,La Hafla,"Acid Arab, Sofiane Saidi",Musique De France,2016,6rjcolCXESvf6i9BXZl7UO,34
784,Why? - UK Garage MC Radio Edit,Mis-Teeq,Lickin' On Both Sides,2001,1dHLyXaqQDLxH4IyZ3NgdN,40
785,Cynthy-Ruth,Black Merda!,The Psych-Funk of Black Merda,2010,3xynLrlZ4rwgYQ2EEBVf25,11
787,Murder She Wrote (Original Mix),"Chaka Demus & Pliers, Sly & Robbie",Murder She Wrote Single,1992,0p4uJwIIGfN3tfTFvwALwB,0
792,Papi Chulo,Avalon,Papi Chulo,2019,3DLZm1rUHe7rzYr6H338a8,24
794,Dancing On My Own,Robyn,Body Talk pt. 1,2010,7lItUx11Vl9heRR9H68h2M,0
795,Rebel Rebel - 2016 Remaster,David Bowie,Diamond Dogs (2016 Remaster),1974,2EC9IJj7g0mN1Q5VrZkiYY,65
796,Pretty baby,Sassy 009,Pretty Baby,2017,6zcvPipvqDarQkSmL3CXnH,18
798,Full Moon in Scorpio,"Ahadadream, DJ Plead",Storm,2019,4GseGVFeaVmBFrESw9d0hh,9
799,Flowers - Sunship Radio Edit,"Sweet Female Attitude, Sunship",Flowers,2015,1IqANTbvKLojRoomq685LA,51
801,Bonzo Goes to Bitburg,Ramones,Animal Boy,1986,2j3PFZXmenUxgjjBUIod7F,52
802,Absalom,"Mt Axel, FVK",Absalom,2018,3szO4WCpa9uAuN7pBKvBEn,24
803,Equinox,Nasiri,Buddha Bar Elements,2020,6DIcidWUbOjxBLhVL47zYu,9
804,Society,Wanduta,Melissa,2021,2V0ECYZE687yU5jtrZtfcT,37
805,Foxy Lady,The Soul Agents,The Psych-Funk of Black Merda,2010,1N0LVBozkxzi6urRu1tDIG,1
806,Realiti,Grimes,Art Angels,2015,7eXFZCiP9GqdMUashk96UF,49
807,You'll miss me when I'm not around,Grimes,Miss Anthropocene (Deluxe Edition),2020,0Sqh9dVJMFJRwz4K0jeoOR,46
808,Rapture,Original Koffee,Rapture EP,2019,0PtDNK2Q49fAM4ZbKtN0mz,1
809,Toast,Original Koffee,Rapture EP,2019,7sd72KZS8D59g5NmhxyHpJ,11
810,Rhythm Nation,Janet Jackson,Rhythm Nation 1814,1989,51q3nDYWAqPY4hlgKEbP6j,42
812,Echo Beach,Martha and the Muffins,Metro Music,1980,49wHCjiu34kM3VRgumQ1tJ,54
816,Shackles (Praise You),Mary Mary,Go Get It,2000,7JKEA8xYDoFp4q0QBW2PGg,59
817,It's Not Right But It's Okay,Whitney Houston,My Love Is Your Love,1998,7861kBrZ5aw7o4NfggcyYW,61
818,MDMA,Claire Laffut,Bleu,2021,3aHDeZIhmlwndqEmfBCJ4y,30
820,Trouble,Agar Agar,Trouble,2022,410sLBfAihtO1WVWgrYiNh,13
823,Too Many Man,"Skepta, BBK",Microphone Champion,2009,5iWkcEcUfymaq0POyWCbBQ,47
824,Heartbroken,T2,Heartbroken,2017,1Y1lfD897czmPqULtHS7E7,52
825,Katy on a Mission,Katy B,On A Mission,2011,47uhrF6IvyE2eUyyfLAEzf,58
826,Like a Boy,Ciara,The Evolution,2006,358bOvBiZCS9fRzNYosw6c,62
828,Promiscuous,"Nelly Furtado, Timbaland",Loose,2006,2gam98EZKrF9XuOkU13ApN,81
829,The Way I Are,"Timbaland, Keri Hilson, D.O.E.",Shock Value,2007,2bLqfJjuC5syrsgDsZfGmn,80
831,Stones Throw,Greentea Peng,Stones Throw,2025,1RsbQnbk4ZFYDhfgp3IAYY,50
832,One Foot,Greentea Peng,One Foot,2024,7CpYtDjQe0qtyVxFFYBIl9,44
833,TARDIS (hardest),Greentea Peng,TARDIS (hardest),2024,5XlyC4ikr1PilocqG2KrBn,34
835,Lose My Mind,Greentea Peng,GREENZONE 108,2022,6rMou9utesfEk9Fqx5zrxx,36
836,Look To Him,Greentea Peng,GREENZONE 108,2022,3mtMdyw2YyxfwgfLiHyHKl,42
837,Stuck In The Middle,Greentea Peng,GREENZONE 108,2022,2Qrd7OU3sCUHfVWQn1RcqW,56
838,Your Mind,Greentea Peng,GREENZONE 108,2022,1PUB3y7vJp3NF8FbUDN0Um,39
839,Our Father,Greentea Peng,GREENZONE 108,2022,7yROAWu8V1aNBO9EfIWlaa,30
840,Three Eyes Open,Greentea Peng,GREENZONE 108,2022,0sqINLDAKpyPThFJhMVqX9,30
841,My Love,Greentea Peng,GREENZONE 108,2022,5MzQInSkVMQhfrSGIPE2JT,38
842,Bun Tough,Greentea Peng,GREENZONE 108,2022,0Sxlrtd1Be0bCd64pFxNDL,27
843,Top Steppa,Greentea Peng,GREENZONE 108,2022,72wq25sYrlE8Ffa6unwi9x,26
844,Make Noise,Greentea Peng,MAN MADE,2021,6V961El0b1aLA0HAFuuab9,26
845,This Sound,Greentea Peng,MAN MADE,2021,6S3n2tU4UKLxgFMp4tb56d,31
846,Free My People (feat. Simmy & Kid Cruise),"Greentea Peng, SIMMY, Kid Cruise",MAN MADE,2021,2fLYfQylAoti3aqxZ4E62L,38
847,Be Careful,Greentea Peng,MAN MADE,2021,19mzaOsqn5aemxoM4yW4jN,38
848,Nah It Ain't The Same,Greentea Peng,MAN MADE,2021,1XKmknaAseOoB7eIL1PjxC,39
849,Earnest,Greentea Peng,MAN MADE,2021,7AG7n1uz0NWw7k8QvhJhh3,29
850,Suffer,Greentea Peng,MAN MADE,2021,7sIJOikOcPIFKSUEX8t0yc,27
851,Mataji Freestyle,Greentea Peng,MAN MADE,2021,3ai4sksZCy9hdFOI08RBkw,25
852,Kali V2,Greentea Peng,MAN MADE,2021,1vurrDqSQA2WWH4QDEBRs9,31
854,Party Hard Interlude,Greentea Peng,MAN MADE,2021,0z59xWwxyGVO1hbx3gBlhm,22
855,Dingaling,Greentea Peng,MAN MADE,2021,1rcIb8sfuxcOsCoLqVaQhw,47
856,Maya,Greentea Peng,MAN MADE,2021,4SM3EahTZvM1kBokC0pE07,28
857,Man Made,Greentea Peng,MAN MADE,2021,28ZcnLt7lO3kLdPaQHUaoI,26
858,Meditation,Greentea Peng,MAN MADE,2021,299xI8NKS2ZFKoHr3cfKQZ,31
859,Poor Man Skit,Greentea Peng,MAN MADE,2021,6cifnAjYxaluHyUxjrMgq8,21
860,Sinner,Greentea Peng,MAN MADE,2021,0WK5LFvZcHaEhzXWHLFV7a,22
861,Jimtastic Blues,Greentea Peng,MAN MADE,2021,4z9kiFW5MYJTmtsz1oBGMp,30
862,Dark (feat. Greentea Peng),"Goldie, James Davidson, Subjective, Greentea Peng",Dark (feat. Greentea Peng),2022,3xePjjNarqGa0Gn4XnkUmu,16
863,WHAT MORE (feat. Greentea Peng),"Swindle, Greentea Peng",WHAT MORE (feat. Greentea Peng),2021,0nyhgbAMcKxDBvgFACiWaM,0
864,Free My People (feat. Simmy & Kid Cruise) - The Streets Remix,"Greentea Peng, SIMMY, Kid Cruise, The Streets",Free My People (The Streets Remix),2021,6qFbRXLt0IN3M1HE5d7YPu,26
865,Freedom,"Future Utopia, Kano, Greentea Peng, Albert Woodfox",Freedom,2021,14bwqrL7AUB85wTyKmZDPK,12
867,Revolution,Greentea Peng,Revolution,2020,3FkhhQ3raWD4sMZBttYqzq,31
869,Hu Man,Greentea Peng,Hu Man,2020,2ZfVt2skRwfEq1Wb3D7GmP,57
870,soulboy,"p-rallel, Greentea Peng",soulboy,2020,4Gkr7ol2xye6fPlBPRJo4R,37
871,Ghost Town,Greentea Peng,Ghost Town,2020,0ZFLFnZ58qRZT8CSSm1Abn,27
872,Risin',Greentea Peng,RISING,2019,0aZ7JhYIwDMOTo0oqOXTaK,20
873,Inna city,Greentea Peng,RISING,2019,2iSMEkcCtJNmnFqKEjl7Uo,25
874,Saturn,Greentea Peng,RISING,2019,3KKW6Mh2msaQbGEcTZMbHX,26
875,Mr. Sun (miss da sun),Greentea Peng,RISING,2019,5E7uh0dIynOaedLv7Aoush,17
876,Sane,Greentea Peng,RISING,2019,3RkdLBGzG6PIgf10eZyqzj,31
878,Downers,Greentea Peng,Downers,2019,1fnU60yGjhsP1QY335rH2m,49
879,Downers - A COLORS SHOW,Greentea Peng,Downers - A COLORS SHOW,2019,7qBnnlFavJKaDal2u40GOa,44
880,Sensi,Greentea Peng,Sensi,2018,6zjJYyemrFJ81FKAiOK6bT,22
